Karachi, Pakistan
Shanghai, China
Mumbai, India
Beijing, China
Delhi, India
Buenos Aires, Argentina
Manila Metro, Philippines
Seoul, South Korea
Sao Paulo, Brazil
Moscow, Russia
Jakarta, Indonesia
Istanbul, Turkey
Bangkok, Thailand
Mexico, City Mexico
Tokyo, Japan
Tehran, Iran
New York City, USA
Kinshasa, DRC
Dhaka, Bangladesh
Lagos, Nigeria
Cairo, Egypt
Lima, Peru
London, UK
Tianjin, China
Bogota, Colombia
Ho Chi Minh City, Vietnam
Hong Kong, China
Guangzhou, China
Dongguan, China
Lahore, Pakistan
Rio De Janeiro, Brazil
Baghdad, Iraq
Bangalore, India
Surat, India
Santiago, Chile
Kolkata, India
Shenyang, China
Chongqing, China
Singapore, Singapore
Riyadh, Saudi Arabia
Luanda, Angola
Harbin, China
St Petersburg, Russia
Chennai, India
Ahmadabad, India
Wuhan, China
Yangon, Myanmar (Burma)
Sydney, Australia
Chengdu, China
Shenzhen, China
Nanjing, China
Alexandria, Egypt
Johannesburg, South Africa
Jeddah, Saudi Arabia
Los Angeles, USA
Abidjan, Ivory Coast
Ankara, Turkey
Casablanca, Morocco
Yokohama, Japan
Hyderabad, India
Melbourne, Australia
Kano, Nigeria
Busan, South Korea
Kabul, Afghanistan
Changchun, China
Cape Town, South Africa
Guiyang, China
Berlin, Germany
Hangzhou, China
Addis Ababa, Ethiopia
Pune, India
Pyongyang, North Korea
Madrid, Spain
Nairobi, Kenya
Kanpur, India
Kunming, China
Surabaya, Indonesia
Jaipur, India
Salvador Da Bahia, Brazil
Santo Domingo, Dominican Republic
Mashhad, Iran
Chicago, USA
Zibo, China
Kiev, Ukraine
Durg, India
Huludao, China
Caracas, Venezuela
Qingdao, China
Changsha, China
Rome, Italy
Fuzhou, China
Quezon City, Philippines
Xian, China
Port Harcourt, Nigeria
Osaka, Japan
Incheon, South Korea
Shijiazhuang, China
Taipei, Taiwan
Zhengzhou, China
Chittagong, Bangladesh
Toronto, Canada
Ibadan, Nigeria
Taiyuan, China
Cali, Colombia
Daegu, South Korea
Bandung, Indonesia
Faisalabad, Pakistan
Fortaleza, Brazil
Baoshan, China
Dar Es Salaam, Tanzania
Zhongshan, China
Xiamen, China
Chaoyang, China
Belo Horizonte, Brazil
Nanning, China
Havana, Cuba
Nagpur, India
Omdurman, Sudan
Suzhou, China
Aleppo, Syria
Lucknow, India
Izmir, Turkey
Linyi, China
Dalian, China
Nagoya, Japan
Houston, USA
Giza, Egypt
Medellin, Colombia
Khartoum, Sudan
Ningbo, China
Guayaquil, Ecuador
Tashkent, Uzbekistan
Paris, France
Brasilia, Brazil
Lanzhou, China
Changzhou, China
Monterrey, Mexico
Baku, Azerbaijan
Kowloon, China
Bucharest, Romania
Medan, Indonesia
Tangshan, China
Jilin, China
Nanchong, China
Conakry, Guinea
Amman, Jordan
Indore, India
Sapporo, Japan
Jinan, China
Puebla, Mexico
Haiphong, Vietnam
Macheng, China
Curitiba, Brazil
Nanchang, China
Minsk, Belarus
Xuzhou, China
Kuala Lumpur, Malaysia
Bamako, Mali
Huzhou, China
Patna, India
Suzhou Anhui, China
Urumqi, China
Yantai, China
Maracaibo, Venezuela
Tianmen, China
Hamburg, Germany
Shantou, China
Basrah, Iraq
Hefei, China
Tengzhou, China
Wuxi, China
Sanaa, Yemen
Manaus, Brazil
Fuyang, China
Budapest, Hungary
Warsaw, Poland
Mecca, Saudi Arabia
Ecatepec, Mexico
Tripoli, Libya
Vienna, Austria
Suizhou, China
Barcelona, Spain
Damascus, Syria
Agra, India
Gaozhou, China
Taian, China
Quito, Ecuador
Tianshui, China
Montreal, Canada
Nashik, India
Shangqiu, China
Accra, Ghana
Perth, Australia
Harare, Zimbabwe
Palembang, Indonesia
Santa Cruz, Bolivia
Esfahan, Iran
Guadalajara, Mexico
Phoenix, USA
Recife, Brazil
Neijiang, China
Rawalpindi, Pakistan
Tangerang, Indonesia
Brisbane, Australia
Philadelphia, USA
Kobe, Japan
Hechuan, China
Kaohsiung, Taiwan
Tshwane, South Africa
Taizhou, China
Algiers, Algeria
La Paz, Bolivia
Pimpri Chinchwad, India
Barquisimeto, Venezuela
Guigang, China
Kumasi, Ghana
Luoyang, China
Mogadishu, Somalia
Vadodara, India
Quanzhou, China
Tbilisi, Georgia
Tijuana, Mexico
Xintai, China
Nanan, China
Ouagadougou, Burkina Faso
Benghazi, Libya
Kyoto, Japan
Kharkiv, Ukraine
Kaduna, Nigeria
Xinyang, China
Bhopal, India
Rugao, China
Anyang, China
Fukuoka, Japan
Weifang, China
Zhanjiang, China
Hyderabad, Pakistan
Fushun, China
Daejeon, South Korea
Qiqihaer, China
Jianyang, China
Yaounde, Cameroon
Multan, Pakistan
Almaty, Kazakhstan
Guiping, China
Huazhou, China
Kampala, Uganda
Tabriz, Iran
Gujranwala, Pakistan
Gwangju, South Korea
Belem, Brazil
Sofia, Bulgaria
Bursa, Turkey
Changde, China
Ciudad Juarez, Mexico
Ludhiana, India
Tongzhou, China
Novosibirsk, Russia
Semarang, Indonesia
Handan, China
Kawasaki, Japan
Suining, China
Douala, Cameroon
Karaj, Iran
Liuyang, China
Luzhou, China
Caloocan, Philippines
Thane, India
Varanasi, India
Hanoi, Vietnam
Munich, Germany
Davao City, Philippines
Porto Alegre, Brazil
Taixing, China
Bozhou, China
San Antonio, USA
Jinjiang, China
Lufeng, China
Yongcheng, China
Guilin, China
Pingdu, China
Ahwaz, Iran
Rajkot, India
Santiago De Los Caballeros, Dominican Republic
Montevideo, Uruguay
Ekaterinburg, Russia
Baotou, China
Cordoba, Argentina
Milan, Italy
Lianjiang, China
Medina, Saudi Arabia
Mianyang, China
Yiyang, China
Barranquilla, Colombia
Irbil, Iraq
Adelaide, Australia
Anshan, China
Ranchi, India
Rizhao, China
Guarulhos, Brazil
Goiania, Brazil
Dallas, USA
Heze, China
Nizhniy Novgorod, Russia
San Diego, USA
Meerut, India
La Matanza, Argentina
Datong, China
Beirut, Lebanon
Fengcheng, China
Ruian, China
Laiwu, China
Maputo, Mozambique
Phnom Penh, Cambodia
Prague, Czech Republic
Pingdingshan, China
Yuzhou, China
Shiraz, Iran
Cixi, China
Allahabad, India
Huainan, China
Anqiu, China
Fuqing, China
Maiduguri, Nigeria
Pikine, Senegal
Tegucigalpa, Honduras
Tunis, Tunisia
Valencia, Venezuela
Amritsar, India
Qianjiang, China
Bazhong, China
Managua, Nicaragua
Leqing, China
Saitama, Japan
Belgrade, Serbia
Hiroshima, Japan
Dongtai, China
Ujung Pandang, Indonesia
Aurangabad, India
Adana, Turkey
Guangyuan, China
Qidong, China
Rosario, Argentina
Samara, Russia
Zapopan, Mexico
Nezahualcoyotl, Mexico
Lubumbashi, DRC
Mosul, Iraq
Leon, Mexico
Omsk, Russia
Solapur, India
Brazzaville, Congo
Bijie, China
Haicheng, China
Madurai, India
Ulsan, South Korea
Leshan, China
Jabalpur, India
Kazan, Russia
Makasar, Indonesia
Jimo, China
Jining, China
Lusaka, Zambia
Ulaanbaatar, Mongolia
Yerevan, Armenia
Donetsk, Ukraine
Peshawar, Pakistan
Wafangdian, China
Copenhagen, Denmark
Mirat, India
Chelyabinsk, Russia
Guatemala City, Guatemala
Shouguang, China
Dubai, UAE
Suwon, South Korea
Port-Au-Prince, Haiti
Odessa, Ukraine
Goyang, South Korea
Seongnam, South Korea
Marrakech, Morocco
Taishan, China
Rostov On Don, Russia
Dhanbad, India
Taichung, Taiwan
Ezhou, China
Campinas, Brazil
Faridabad, India
Jiangdu, China
Benin, Nigeria
Beiliu, China
Gongzhuling, China
Changshu, China
Qom, Iran
Dnipropetrovsk, Ukraine
Freetown, Sierra Leone
Sendai, Japan
Dakar, Senegal
Ufa, Russia
Fuzhou, China
Yichun, China
Birmingham, UK
Mudanjiang, China
Volgograd, Russia
Perm, Russia
Fes, Morocco
Haora, India
Haora, India
Jodhpur, India
San Jose, USA
Torreon, Mexico
Mexicali, Mexico
Subra Al-haymah, Egypt
Baoding, China
Cologne, Germany
Hezhou, China
Calgary, Canada
Sao Luis, Brazil
Kitakyushu, Japan
Sao Goncalo, Brazil
Ghaziabad, India
Visakhapatnam, India
Wujiang, China
Naples, Italy
Chiba, Japan
Mandalay, Myanmar (Burma)
Feicheng, China
Brussels, Belgium
Vijayawada, India
Haimen, China
Kathmandu, Nepal
Ciudad Guayana, Venezuela
Safi, Morocco
Coimbatore, India
Gaziantep, Turkey
Weinan, China
Soweto, South Africa
Maceio, Brazil
Agadir, Morocco
Krasnoyarsk, Russia
Srinagar, India
Detroit, USA
Turin, Italy
Arequipa, Peru
Mbuji-mayi, DRC
Songzi, China
Sale, Morocco
Antananarivo, Madagascar
Laizhou, China
Chandigarh, India
Zaria, Nigeria
Abu Dhabi, UAE
Cartagena, Colombia
Teresina, Brazil
Danyang, China
Sholapur, India
Hengyang, China
Honghu, China
Mombasa, Kenia
Daye, China
Bogor, Indonesia
Lilongwe, Malawi
Duque De Caxias, Brazil
Khulna, Bangladesh
Marseille, France
Bucheon, South Korea
Norfolk, USA
Panama City, Panama
Voronezh, Russia
Nova Iguacu, Brazil
Sakai, Japan
Port Elizabeth, South Africa
Saratov, Russia
Benxi, China
Haikou, China
Stockholm, Sweden
Hims, Syria
Kermanshah, Iran
Naucalpan, Mexico
Hamhung, North Korea
Hohhot, China
Padang, Indonesia
Hamamatsu, Japan
Ottawa, Canada
Ad-dammam, Saudi Arabia
Dammam, Saudi Arabia
Niigata, Japan
Liuzhou, China
Thiruvananthapuram, India
Valencia, Spain
Bengbu, China
San Francisco, USA
Guwahati, India
Jacksonville, USA
Santiago De Queretaro, Mexico
Zagreb, Croatia
Astana, Kazakhstan
Kolwezi, DRC
Hubli, India
Daqing, China
Nanyang, China
Mysore, India
Indianapolis, USA
Natal, Brazil
Chisinau, Moldova
Toluca, Mexico
Lodz, Poland
Sao Bernardo Do Campo, Brazil
Zaporizhzhya, Ukraine
Abuja, Nigeria
Leeds, UK
Masqat-matrah, Oman
Tainan, Taiwan
Bishkek, Kyrgyzstan
Jerusalem, Israel
Amsterdam, Netherlands
Jixi, China
Tiruchchirappalli, India
Athens, Greece
Krakow, Poland
Cebu City, Philippines
Ankang, China
Bandar Lampung, Indonesia
Malang, Indonesia
Lviv, Ukraine
Merida, Mexico
Edmonton, Canada
Ogbomosho, Nigeria
Riga, Latvia
Acapulco, Mexico
Shizuoka, Japan
Columbus, USA
Jalandhar, India
Xining, China
Krasnodar, Russia
La Plata, Argentina
Tangier, Morocco
Sevilla, Spain
Joao Pessoa, Brazil
Okayama, Japan
Chihuahua, Mexico
Fuxin, China
Gwalior, India
Jinzhou, China
San Luis Potosi, Mexico
Tlalnepantla De Baz, Mexico
Palermo, Italy
Oran, Algeria
Austin, USA
Aligarh, India
Dushanbe, Tajikistan
Zhangjiakou, China
Amravati, India
Bulawayo, Zimbabwe
Durban, South Africa
Memphis, USA
Baltimore, USA
Frankfurt, Germany
Aguascalientes, Mexico
Bhubaneswar, India
Bangui, Central African Republic
Colombo, Sri Lanka
Kingston, Jamaica
Jamshedpur, India
Rabat, Morocco
Nashville, USA
Boston, USA
Sao Jose Dos Campos, Brazil
Cochabamba, Bolivia
Milwaukee, USA
Stuttgart, Germany
Washington DC, USA
Rotterdam, Netherlands
Dortmund, Germany
Kaifeng, China
Oslo, Norway
Denver, USA
Helsinki, Finland
Glasgow, UK
Essen, Germany
Vancouver, Canada
Seattle, USA
Culiacan, Mexico
Bhilai, India
Hengyang, China
Charlotte, USA
Las Vegas, USA
Lisbon, Portugal
Oklahoma City, USA
Kitwe, Zambia
Bremen, Germany
Ribeirao Preto, Brazil
Asuncion, Paraguay
Vilnius, Lithuania
Monrovia, Liberia
Bucaramanga, Colombia
Portland, USA
Tucson, USA
Atlanta, USA
Sheffield, UK
Surakarta, Indonesia
